,Date,FTR,HomeTeam,AwayTeam,season,predictions,proba_H,proba_D,proba_A,score
0,2023-08-11,A,Burnley,Man City,season23,A,0.09797284752130508,0.14640429615974426,0.7556228041648865,0 v 3
1,2023-08-12,H,Arsenal,Nott'm Forest,season23,H,0.8316877484321594,0.09408698230981827,0.07422531396150589,2 v 1
2,2023-08-12,D,Bournemouth,West Ham,season23,A,0.3290003538131714,0.2775281071662903,0.39347153902053833,1 v 1
3,2023-08-12,H,Brighton,Luton,season23,H,0.7031081914901733,0.15784549713134766,0.1390462964773178,4 v 1
4,2023-08-12,A,Everton,Fulham,season23,H,0.3760332763195038,0.2771431803703308,0.3468235731124878,0 v 1
5,2023-08-12,A,Sheffield United,Crystal Palace,season23,A,0.29100650548934937,0.2605281174182892,0.44846540689468384,0 v 1
6,2023-08-12,H,Newcastle,Aston Villa,season23,H,0.5704396963119507,0.20832958817481995,0.22123071551322937,5 v 1
7,2023-08-13,D,Brentford,Tottenham,season23,A,0.3043474555015564,0.28172606229782104,0.41392651200294495,2 v 2
8,2023-08-13,D,Chelsea,Liverpool,season23,A,0.2825530469417572,0.26885783672332764,0.4485890865325928,1 v 1
9,2023-08-14,H,Man United,Wolves,season23,H,0.6926256418228149,0.16706158220767975,0.14031273126602173,1 v 0
10,2023-08-18,H,Nott'm Forest,Sheffield United,season23,H,0.4848463535308838,0.25085729360580444,0.2642963230609894,2 v 1
11,2023-08-19,A,Fulham,Brentford,season23,A,0.3338954448699951,0.3000970184803009,0.3660075068473816,0 v 3
12,2023-08-19,H,Liverpool,Bournemouth,season23,H,0.7242539525032043,0.12451815605163574,0.15122783184051514,3 v 1
13,2023-08-19,A,Wolves,Brighton,season23,A,0.31223225593566895,0.23639556765556335,0.4513722062110901,1 v 4
14,2023-08-19,H,Tottenham,Man United,season23,A,0.2620391249656677,0.29793593287467957,0.4400249421596527,2 v 0
15,2023-08-19,H,Man City,Newcastle,season23,H,0.5747708678245544,0.2308678925037384,0.19436122477054596,1 v 0
16,2023-08-20,H,Aston Villa,Everton,season23,H,0.562293291091919,0.19290201365947723,0.24480471014976501,4 v 0
17,2023-08-20,H,West Ham,Chelsea,season23,A,0.2561931610107422,0.27015143632888794,0.47365543246269226,3 v 1
18,2023-08-21,A,Crystal Palace,Arsenal,season23,A,0.16017110645771027,0.26371699571609497,0.576111912727356,0 v 1
19,2023-08-25,H,Chelsea,Luton,season23,H,0.7037982940673828,0.1942591518163681,0.1019425094127655,3 v 0
20,2023-08-26,A,Bournemouth,Tottenham,season23,A,0.26922908425331116,0.2158942073583603,0.5148767232894897,0 v 2
21,2023-08-26,D,Arsenal,Fulham,season23,H,0.8286824822425842,0.11211319267749786,0.05920429155230522,2 v 2
22,2023-08-26,D,Brentford,Crystal Palace,season23,A,0.3406444489955902,0.29087767004966736,0.3684779405593872,1 v 1
23,2023-08-26,A,Everton,Wolves,season23,H,0.44891995191574097,0.25644442439079285,0.2946356534957886,0 v 1
24,2023-08-26,H,Man United,Nott'm Forest,season23,H,0.6952338218688965,0.17510312795639038,0.12966307997703552,3 v 2
25,2023-08-26,A,Brighton,West Ham,season23,H,0.6972963213920593,0.16362224519252777,0.1390814334154129,1 v 3
26,2023-08-27,A,Burnley,Aston Villa,season23,A,0.3143930435180664,0.3308977782726288,0.3547091484069824,1 v 3
27,2023-08-27,A,Sheffield United,Man City,season23,A,0.135288804769516,0.0901632085442543,0.7745479941368103,1 v 2
28,2023-08-27,A,Newcastle,Liverpool,season23,H,0.39768514037132263,0.244606614112854,0.35770824551582336,1 v 2
29,2023-09-01,A,Luton,West Ham,season23,A,0.25220686197280884,0.28207358717918396,0.4657195210456848,1 v 2
30,2023-09-02,D,Sheffield United,Everton,season23,A,0.27982085943222046,0.24343080818653107,0.4767483174800873,2 v 2
31,2023-09-02,D,Brentford,Bournemouth,season23,H,0.6430618762969971,0.16524524986743927,0.19169285893440247,2 v 2
32,2023-09-02,A,Burnley,Tottenham,season23,A,0.22479155659675598,0.2683212459087372,0.5068871378898621,2 v 5
33,2023-09-02,A,Chelsea,Nott'm Forest,season23,H,0.6513160467147827,0.22776244580745697,0.1209215372800827,0 v 1
34,2023-09-02,H,Man City,Fulham,season23,H,0.8167019486427307,0.1114313080906868,0.07186668366193771,5 v 1
35,2023-09-02,H,Brighton,Newcastle,season23,H,0.4235154092311859,0.26605692505836487,0.3104276657104492,3 v 1
36,2023-09-03,H,Crystal Palace,Wolves,season23,H,0.5418357849121094,0.2463327944278717,0.21183139085769653,3 v 2
37,2023-09-03,H,Liverpool,Aston Villa,season23,H,0.585217297077179,0.22939398884773254,0.18538875877857208,3 v 0
38,2023-09-03,H,Arsenal,Man United,season23,H,0.6020302176475525,0.2247501164674759,0.1732197254896164,3 v 1
39,2023-09-16,A,Wolves,Liverpool,season23,A,0.2056780904531479,0.21277543902397156,0.581546425819397,1 v 3
40,2023-09-16,H,Aston Villa,Crystal Palace,season23,H,0.3919351398944855,0.2744286358356476,0.33363625407218933,3 v 1
41,2023-09-16,H,Fulham,Luton,season23,H,0.554360568523407,0.1994670033454895,0.24617241322994232,1 v 0
42,2023-09-16,A,Man United,Brighton,season23,A,0.39024561643600464,0.2054443359375,0.40431007742881775,1 v 3
43,2023-09-16,H,Tottenham,Sheffield United,season23,H,0.7798391580581665,0.1335408240556717,0.08661999553442001,2 v 1
44,2023-09-16,A,West Ham,Man City,season23,A,0.14955557882785797,0.13954545557498932,0.7108989953994751,1 v 3
45,2023-09-16,H,Newcastle,Brentford,season23,H,0.5689427256584167,0.24792927503585815,0.1831279993057251,1 v 0
46,2023-09-17,D,Bournemouth,Chelsea,season23,A,0.19144730269908905,0.1849547028541565,0.623598039150238,0 v 0
47,2023-09-17,A,Everton,Arsenal,season23,A,0.13853847980499268,0.16269564628601074,0.6987659335136414,0 v 1
48,2023-09-18,D,Nott'm Forest,Burnley,season23,H,0.39225706458091736,0.24292513728141785,0.3648177683353424,1 v 1
49,2023-09-23,D,Crystal Palace,Fulham,season23,H,0.573573648929596,0.25952422618865967,0.16690212488174438,0 v 0
50,2023-09-23,D,Luton,Wolves,season23,H,0.3944177031517029,0.2592281401157379,0.3463541567325592,1 v 1
51,2023-09-23,H,Man City,Nott'm Forest,season23,H,0.8573680520057678,0.07302715629339218,0.0696047842502594,2 v 0
52,2023-09-23,A,Brentford,Everton,season23,H,0.5558571219444275,0.24642325937747955,0.19771957397460938,1 v 3
53,2023-09-23,A,Burnley,Man United,season23,A,0.18869933485984802,0.22876699268817902,0.5825336575508118,0 v 1
54,2023-09-24,D,Arsenal,Tottenham,season23,H,0.6326478123664856,0.2116432636976242,0.15570896863937378,2 v 2
55,2023-09-24,H,Brighton,Bournemouth,season23,H,0.7194355130195618,0.13655225932598114,0.1440121978521347,3 v 1
56,2023-09-24,A,Chelsea,Aston Villa,season23,H,0.5931894779205322,0.23688726127147675,0.16992329061031342,0 v 1
57,2023-09-24,H,Liverpool,West Ham,season23,H,0.7382001876831055,0.16383658349514008,0.09796321392059326,3 v 1
58,2023-09-24,A,Sheffield United,Newcastle,season23,A,0.10730663686990738,0.1523631364107132,0.7403302192687988,0 v 8
59,2023-09-30,H,Aston Villa,Brighton,season23,A,0.33574017882347107,0.25712472200393677,0.40713512897491455,6 v 1
60,2023-09-30,A,Bournemouth,Arsenal,season23,A,0.1764249950647354,0.1897495985031128,0.6338253617286682,0 v 4
61,2023-09-30,A,Everton,Luton,season23,H,0.6811433434486389,0.1848057508468628,0.13405092060565948,1 v 2
62,2023-09-30,A,Man United,Crystal Palace,season23,H,0.5847064256668091,0.21598252654075623,0.1993110626935959,0 v 1
63,2023-09-30,H,Newcastle,Burnley,season23,H,0.6863574385643005,0.1600569486618042,0.15358561277389526,2 v 0
64,2023-09-30,H,West Ham,Sheffield United,season23,H,0.682575523853302,0.16171887516975403,0.15570561587810516,2 v 0
65,2023-09-30,H,Wolves,Man City,season23,A,0.1061338484287262,0.17640413343906403,0.7174620032310486,2 v 1
66,2023-09-30,H,Tottenham,Liverpool,season23,A,0.2773592472076416,0.29564568400382996,0.42699503898620605,2 v 1
67,2023-10-01,D,Nott'm Forest,Brentford,season23,D,0.2815539836883545,0.3603178858757019,0.3581281006336212,1 v 1
68,2023-10-02,A,Fulham,Chelsea,season23,A,0.3340376913547516,0.24374140799045563,0.4222208857536316,0 v 2
69,2023-10-03,A,Luton,Burnley,season23,A,0.3613484501838684,0.24192287027835846,0.3967287242412567,1 v 2
70,2023-10-07,A,Luton,Tottenham,season23,A,0.14464940130710602,0.2353764772415161,0.6199740767478943,0 v 1
71,2023-10-07,A,Burnley,Chelsea,season23,A,0.17730891704559326,0.26959872245788574,0.553092360496521,1 v 4
72,2023-10-07,H,Everton,Bournemouth,season23,H,0.4624997675418854,0.30498525500297546,0.23251493275165558,3 v 0
73,2023-10-07,H,Fulham,Sheffield United,season23,H,0.6201105713844299,0.23441848158836365,0.14547090232372284,3 v 1
74,2023-10-07,H,Man United,Brentford,season23,H,0.4950580894947052,0.2642562985420227,0.24068564176559448,2 v 1
75,2023-10-07,D,Crystal Palace,Nott'm Forest,season23,H,0.45680350065231323,0.363303005695343,0.17989355325698853,0 v 0
76,2023-10-08,D,Brighton,Liverpool,season23,A,0.26840940117836,0.25484928488731384,0.4767412841320038,2 v 2
77,2023-10-08,D,West Ham,Newcastle,season23,A,0.2799373269081116,0.1946762353181839,0.525386393070221,2 v 2
78,2023-10-08,D,Wolves,Aston Villa,season23,A,0.2873094081878662,0.2238180786371231,0.48887255787849426,1 v 1
79,2023-10-08,H,Arsenal,Man City,season23,A,0.3398568630218506,0.27064049243927,0.3895026445388794,1 v 0
80,2023-10-21,H,Liverpool,Everton,season23,H,0.6741231083869934,0.20309002697467804,0.12278688699007034,2 v 0
81,2023-10-21,A,Bournemouth,Wolves,season23,H,0.37033429741859436,0.36171868443489075,0.2679470479488373,1 v 2
82,2023-10-21,H,Brentford,Burnley,season23,H,0.6162722706794739,0.18290860950946808,0.20081913471221924,3 v 0
83,2023-10-21,H,Man City,Brighton,season23,H,0.6573792099952698,0.22711893916130066,0.11550188064575195,2 v 1
84,2023-10-21,H,Newcastle,Crystal Palace,season23,H,0.7386250495910645,0.1506681740283966,0.11070679873228073,4 v 0
85,2023-10-21,D,Nott'm Forest,Luton,season23,H,0.5692256093025208,0.22236976027488708,0.20840466022491455,2 v 2
86,2023-10-21,D,Chelsea,Arsenal,season23,A,0.32689911127090454,0.2554682493209839,0.41763266921043396,2 v 2
87,2023-10-21,A,Sheffield United,Man United,season23,A,0.11396915465593338,0.15487053990364075,0.7311602830886841,1 v 2
88,2023-10-22,H,Aston Villa,West Ham,season23,H,0.5619465112686157,0.2595067322254181,0.17854681611061096,4 v 1
89,2023-10-23,H,Tottenham,Fulham,season23,H,0.6441904902458191,0.22317929565906525,0.13263022899627686,2 v 0
90,2023-10-27,A,Crystal Palace,Tottenham,season23,A,0.19913910329341888,0.2352609634399414,0.5655999183654785,1 v 2
91,2023-10-28,A,Chelsea,Brentford,season23,H,0.5548117756843567,0.21790988743305206,0.22727830708026886,0 v 2
92,2023-10-28,H,Arsenal,Sheffield United,season23,H,0.8626238703727722,0.09510698169469833,0.04226916655898094,5 v 0
93,2023-10-28,H,Bournemouth,Burnley,season23,H,0.4189486801624298,0.26073282957077026,0.3203185200691223,2 v 1
94,2023-10-28,D,Wolves,Newcastle,season23,A,0.23923121392726898,0.23897121846675873,0.5217975378036499,2 v 2
95,2023-10-29,A,West Ham,Everton,season23,H,0.38145896792411804,0.27607566118240356,0.342465341091156,0 v 1
96,2023-10-29,H,Aston Villa,Luton,season23,H,0.7630391716957092,0.1430646926164627,0.09389613568782806,3 v 1
97,2023-10-29,D,Brighton,Fulham,season23,H,0.6535917520523071,0.18182672560214996,0.1645815223455429,1 v 1
98,2023-10-29,H,Liverpool,Nott'm Forest,season23,H,0.7799844741821289,0.12138643860816956,0.09862910211086273,3 v 0
99,2023-10-29,A,Man United,Man City,season23,A,0.22283552587032318,0.2017873227596283,0.5753771662712097,0 v 3
100,2023-11-04,A,Fulham,Man United,season23,A,0.26140275597572327,0.23358425498008728,0.5050129890441895,0 v 1
101,2023-11-04,H,Brentford,West Ham,season23,H,0.47548800706863403,0.2425534427165985,0.28195855021476746,3 v 2
102,2023-11-04,A,Burnley,Crystal Palace,season23,A,0.2658693492412567,0.3352769613265991,0.39885368943214417,0 v 2
103,2023-11-04,D,Everton,Brighton,season23,A,0.28211864829063416,0.19955205917358398,0.5183292627334595,1 v 1
104,2023-11-04,H,Man City,Bournemouth,season23,H,0.8786154985427856,0.08006531000137329,0.04131919890642166,6 v 1
105,2023-11-04,H,Sheffield United,Wolves,season23,A,0.29978471994400024,0.2631579637527466,0.4370572566986084,2 v 1
106,2023-11-04,H,Newcastle,Arsenal,season23,A,0.27197301387786865,0.3115714490413666,0.41645553708076477,1 v 0
107,2023-11-05,H,Nott'm Forest,Aston Villa,season23,A,0.25194358825683594,0.21847006678581238,0.5295863747596741,2 v 0
108,2023-11-05,D,Luton,Liverpool,season23,A,0.09142154455184937,0.13231751322746277,0.7762609720230103,1 v 1
109,2023-11-06,A,Tottenham,Chelsea,season23,H,0.4291841685771942,0.25758951902389526,0.3132263422012329,1 v 4
110,2023-11-11,H,Wolves,Tottenham,season23,A,0.32941311597824097,0.2212628573179245,0.44932401180267334,2 v 1
111,2023-11-11,H,Arsenal,Burnley,season23,H,0.7915365695953369,0.1342003345489502,0.07426305115222931,3 v 1
112,2023-11-11,A,Crystal Palace,Everton,season23,H,0.45469656586647034,0.2624646723270416,0.2828386723995209,2 v 3
113,2023-11-11,H,Man United,Luton,season23,H,0.7253190279006958,0.14161504805088043,0.13306596875190735,1 v 0
114,2023-11-11,H,Bournemouth,Newcastle,season23,A,0.20122896134853363,0.2466924637556076,0.5520786046981812,2 v 0
115,2023-11-12,H,Aston Villa,Fulham,season23,H,0.6366305351257324,0.15605103969573975,0.2073184698820114,3 v 1
116,2023-11-12,D,Brighton,Sheffield United,season23,H,0.736517608165741,0.17546847462654114,0.0880138948559761,1 v 1
117,2023-11-12,H,Liverpool,Brentford,season23,H,0.7203551530838013,0.16820426285266876,0.1114405170083046,3 v 0
118,2023-11-12,H,West Ham,Nott'm Forest,season23,H,0.5793571472167969,0.2016129195690155,0.21902991831302643,3 v 2
119,2023-11-12,D,Chelsea,Man City,season23,A,0.2024753987789154,0.20371071994304657,0.5938138961791992,4 v 4
120,2023-11-25,D,Man City,Liverpool,season23,H,0.6890595555305481,0.16181255877017975,0.14912790060043335,1 v 1
121,2023-11-25,A,Burnley,West Ham,season23,A,0.2951969802379608,0.27446889877319336,0.4303341209888458,1 v 2
122,2023-11-25,H,Luton,Crystal Palace,season23,A,0.31482115387916565,0.2629617154598236,0.42221716046333313,2 v 1
123,2023-11-25,H,Newcastle,Chelsea,season23,A,0.3035874664783478,0.30243659019470215,0.39397600293159485,4 v 1
124,2023-11-25,A,Nott'm Forest,Brighton,season23,A,0.254309743642807,0.25789421796798706,0.48779597878456116,2 v 3
125,2023-11-25,A,Sheffield United,Bournemouth,season23,A,0.27428582310676575,0.2640741169452667,0.46164003014564514,1 v 3
126,2023-11-25,A,Brentford,Arsenal,season23,A,0.19676707684993744,0.22129257023334503,0.5819402933120728,0 v 1
127,2023-11-26,A,Tottenham,Aston Villa,season23,A,0.3074941039085388,0.29347649216651917,0.39902937412261963,1 v 2
128,2023-11-26,A,Everton,Man United,season23,A,0.3141966760158539,0.3096989393234253,0.3761043846607208,0 v 3
129,2023-11-27,H,Fulham,Wolves,season23,H,0.4343118369579315,0.2977888584136963,0.2678992450237274,3 v 2
130,2023-12-02,H,Arsenal,Wolves,season23,H,0.7202845215797424,0.1945040225982666,0.08521147072315216,2 v 1
131,2023-12-02,H,Brentford,Luton,season23,H,0.7385219931602478,0.15439678728580475,0.10708121210336685,3 v 1
132,2023-12-02,H,Burnley,Sheffield United,season23,H,0.6194329857826233,0.22083845734596252,0.1597285270690918,5 v 0
133,2023-12-02,A,Nott'm Forest,Everton,season23,A,0.31328174471855164,0.2851400673389435,0.4015781879425049,0 v 1
134,2023-12-02,H,Newcastle,Man United,season23,H,0.44985470175743103,0.27812764048576355,0.2720176875591278,1 v 0
135,2023-12-03,D,Bournemouth,Aston Villa,season23,A,0.31047073006629944,0.23639395833015442,0.45313534140586853,2 v 2
136,2023-12-03,H,Chelsea,Brighton,season23,H,0.5727250576019287,0.2217186838388443,0.2055562287569046,3 v 2
137,2023-12-03,H,Liverpool,Fulham,season23,H,0.7209103107452393,0.14547979831695557,0.13360992074012756,4 v 3
138,2023-12-03,D,West Ham,Crystal Palace,season23,H,0.3912927210330963,0.3110109567642212,0.2976962924003601,1 v 1
139,2023-12-03,D,Man City,Tottenham,season23,H,0.7508556842803955,0.14742125570774078,0.10172299295663834,3 v 3
140,2023-12-05,H,Wolves,Burnley,season23,H,0.5406097769737244,0.23281781375408173,0.2265724092721939,1 v 0
141,2023-12-05,A,Luton,Arsenal,season23,A,0.07344306260347366,0.1352023482322693,0.7913545966148376,3 v 4
142,2023-12-06,H,Brighton,Brentford,season23,H,0.5346948504447937,0.25199374556541443,0.21331146359443665,2 v 1
143,2023-12-06,A,Crystal Palace,Bournemouth,season23,H,0.4377771019935608,0.27076271176338196,0.29146021604537964,0 v 2
144,2023-12-06,H,Fulham,Nott'm Forest,season23,H,0.44806018471717834,0.3082786202430725,0.24366122484207153,5 v 0
145,2023-12-06,A,Sheffield United,Liverpool,season23,A,0.11734171956777573,0.12187119573354721,0.7607870697975159,0 v 2
146,2023-12-06,H,Aston Villa,Man City,season23,A,0.17202946543693542,0.21969254314899445,0.6082779765129089,1 v 0
147,2023-12-06,H,Man United,Chelsea,season23,H,0.3733247220516205,0.31221750378608704,0.3144577741622925,2 v 1
148,2023-12-07,H,Everton,Newcastle,season23,A,0.30402034521102905,0.25881555676460266,0.4371640384197235,3 v 0
149,2023-12-07,A,Tottenham,West Ham,season23,H,0.5414077639579773,0.2784639000892639,0.180128276348114,1 v 2
150,2023-12-09,A,Crystal Palace,Liverpool,season23,A,0.18167376518249512,0.21311959624290466,0.6052066683769226,1 v 2
151,2023-12-09,D,Brighton,Burnley,season23,H,0.7101616859436035,0.17829175293445587,0.11154653877019882,1 v 1
152,2023-12-09,A,Man United,Bournemouth,season23,H,0.6123069524765015,0.19740501046180725,0.1902879774570465,0 v 3
153,2023-12-09,H,Sheffield United,Brentford,season23,A,0.19562137126922607,0.19316063821315765,0.6112180352210999,1 v 0
154,2023-12-09,D,Wolves,Nott'm Forest,season23,H,0.5484064221382141,0.25379544496536255,0.19779814779758453,1 v 1
155,2023-12-09,H,Aston Villa,Arsenal,season23,A,0.2583675682544708,0.25778740644454956,0.4838450849056244,1 v 0
156,2023-12-10,H,Everton,Chelsea,season23,H,0.4171992242336273,0.21328890323638916,0.3695119321346283,2 v 0
157,2023-12-10,H,Fulham,West Ham,season23,H,0.4437396228313446,0.2691689133644104,0.2870914041996002,5 v 0
158,2023-12-10,A,Luton,Man City,season23,A,0.07975039631128311,0.10926098376512527,0.8109886646270752,1 v 2
159,2023-12-10,H,Tottenham,Newcastle,season23,H,0.43566420674324036,0.2589170038700104,0.30541881918907166,4 v 1
160,2023-12-15,A,Nott'm Forest,Tottenham,season23,A,0.19907495379447937,0.24879907071590424,0.5521259903907776,0 v 2
161,2023-12-16,H,Chelsea,Sheffield United,season23,H,0.7296829223632812,0.196446493268013,0.07387059181928635,2 v 0
162,2023-12-16,D,Man City,Crystal Palace,season23,H,0.8050082921981812,0.10997532308101654,0.08501642942428589,2 v 2
163,2023-12-16,H,Newcastle,Fulham,season23,H,0.5653617978096008,0.22734573483467102,0.20729248225688934,3 v 0
164,2023-12-16,A,Burnley,Everton,season23,H,0.3732680380344391,0.33857637643814087,0.28815561532974243,0 v 2
165,2023-12-17,H,Arsenal,Brighton,season23,H,0.6496211290359497,0.21807682514190674,0.13230203092098236,2 v 0
166,2023-12-17,A,Brentford,Aston Villa,season23,A,0.2864251136779785,0.24006424844264984,0.4735106825828552,1 v 2
167,2023-12-17,H,West Ham,Wolves,season23,H,0.41305774450302124,0.2823600769042969,0.30458223819732666,3 v 0
168,2023-12-17,D,Liverpool,Man United,season23,H,0.7369387149810791,0.14578449726104736,0.11727682501077652,0 v 0
169,2023-12-21,D,Crystal Palace,Brighton,season23,A,0.2735055387020111,0.25859859585762024,0.46789589524269104,1 v 1
170,2023-12-22,D,Aston Villa,Sheffield United,season23,H,0.7341458797454834,0.18766388297080994,0.07819017767906189,1 v 1
171,2023-12-23,H,West Ham,Man United,season23,A,0.2823694348335266,0.24077239632606506,0.4768581986427307,2 v 0
172,2023-12-23,A,Fulham,Burnley,season23,H,0.6266312599182129,0.20394949615001678,0.16941925883293152,0 v 2
173,2023-12-23,H,Luton,Newcastle,season23,A,0.1782291680574417,0.2207145243883133,0.6010563373565674,1 v 0
174,2023-12-23,A,Nott'm Forest,Bournemouth,season23,A,0.31201523542404175,0.31927093863487244,0.3687138557434082,2 v 3
175,2023-12-23,H,Tottenham,Everton,season23,H,0.5197964906692505,0.26908981800079346,0.21111373603343964,2 v 1
176,2023-12-23,D,Liverpool,Arsenal,season23,H,0.36558130383491516,0.2804870009422302,0.3539316952228546,1 v 1
177,2023-12-24,H,Wolves,Chelsea,season23,A,0.2853815257549286,0.20126430690288544,0.5133541226387024,2 v 1
178,2023-12-26,A,Newcastle,Nott'm Forest,season23,H,0.6504955291748047,0.23888909816741943,0.11061535030603409,1 v 3
179,2023-12-26,H,Bournemouth,Fulham,season23,H,0.45193421840667725,0.25421884655952454,0.2938469648361206,3 v 0
180,2023-12-26,A,Sheffield United,Luton,season23,H,0.38642117381095886,0.32634034752845764,0.2872384488582611,2 v 3
181,2023-12-26,A,Burnley,Liverpool,season23,A,0.14480805397033691,0.24923500418663025,0.6059569716453552,0 v 2
182,2023-12-26,H,Man United,Aston Villa,season23,A,0.3710768520832062,0.255566269159317,0.3733568489551544,3 v 2
183,2023-12-27,A,Brentford,Wolves,season23,H,0.48094257712364197,0.2477932870388031,0.27126413583755493,1 v 4
184,2023-12-27,H,Chelsea,Crystal Palace,season23,H,0.6110769510269165,0.18903978168964386,0.19988320767879486,2 v 1
185,2023-12-27,A,Everton,Man City,season23,A,0.15246841311454773,0.1509677767753601,0.6965638399124146,1 v 3
186,2023-12-28,H,Brighton,Tottenham,season23,H,0.407877117395401,0.2568861246109009,0.33523672819137573,4 v 2
187,2023-12-28,A,Arsenal,West Ham,season23,H,0.7033138871192932,0.1987263411283493,0.09795975685119629,0 v 2
188,2023-12-30,A,Luton,Chelsea,season23,A,0.14238768815994263,0.165147066116333,0.6924652457237244,2 v 3
189,2023-12-30,H,Aston Villa,Burnley,season23,H,0.7557053565979004,0.1567433625459671,0.0875513106584549,3 v 2
190,2023-12-30,H,Crystal Palace,Brentford,season23,H,0.4473098814487457,0.25350597500801086,0.2991842031478882,3 v 1
191,2023-12-30,H,Man City,Sheffield United,season23,H,0.8747578263282776,0.08098457753658295,0.04425760358572006,2 v 0
192,2023-12-30,H,Wolves,Everton,season23,H,0.36652320623397827,0.26742303371429443,0.3660537898540497,3 v 0
193,2023-12-30,H,Nott'm Forest,Man United,season23,A,0.2799558937549591,0.2345796823501587,0.4854643940925598,2 v 1
194,2023-12-31,H,Fulham,Arsenal,season23,A,0.15546759963035583,0.18606850504875183,0.6584638953208923,2 v 1
195,2023-12-31,H,Tottenham,Bournemouth,season23,H,0.6176726222038269,0.2062738537788391,0.17605353891849518,3 v 1
196,2024-01-01,H,Liverpool,Newcastle,season23,H,0.651790201663971,0.22003713250160217,0.12817266583442688,4 v 2
197,2024-01-02,D,West Ham,Brighton,season23,A,0.33074870705604553,0.24493999779224396,0.4243113100528717,0 v 0
198,2024-01-12,D,Burnley,Luton,season23,H,0.42911913990974426,0.2929527461528778,0.27792811393737793,1 v 1
199,2024-01-13,H,Chelsea,Fulham,season23,H,0.6310476660728455,0.1557294726371765,0.21322286128997803,1 v 0
200,2024-01-13,A,Newcastle,Man City,season23,A,0.19859427213668823,0.1986377090215683,0.6027680039405823,2 v 3
201,2024-01-14,D,Everton,Aston Villa,season23,A,0.30646267533302307,0.31555187702178955,0.37798547744750977,0 v 0
202,2024-01-14,D,Man United,Tottenham,season23,H,0.4986068904399872,0.22125329077243805,0.2801397740840912,2 v 2
203,2024-01-20,H,Arsenal,Crystal Palace,season23,H,0.7620519995689392,0.14345118403434753,0.09449683874845505,5 v 0
204,2024-01-20,H,Brentford,Nott'm Forest,season23,H,0.6032902002334595,0.2031141221523285,0.19359569251537323,3 v 2
205,2024-01-21,D,Sheffield United,West Ham,season23,A,0.35474228858947754,0.2638774514198303,0.3813802897930145,2 v 2
206,2024-01-21,A,Bournemouth,Liverpool,season23,A,0.21788693964481354,0.22380182147026062,0.5583112239837646,0 v 4
207,2024-01-22,D,Brighton,Wolves,season23,H,0.6186041831970215,0.2280222624540329,0.15337350964546204,0 v 0
208,2024-01-30,A,Nott'm Forest,Arsenal,season23,A,0.1226113811135292,0.14713415503501892,0.7302545309066772,1 v 2
209,2024-01-30,D,Fulham,Everton,season23,H,0.4701879918575287,0.2796935737133026,0.2501184642314911,0 v 0
210,2024-01-30,H,Luton,Brighton,season23,A,0.2630976438522339,0.21038959920406342,0.5265127420425415,4 v 0
211,2024-01-30,H,Crystal Palace,Sheffield United,season23,H,0.6063261032104492,0.28957197070121765,0.10410197079181671,3 v 2
212,2024-01-30,A,Aston Villa,Newcastle,season23,H,0.5998297929763794,0.18161650002002716,0.21855370700359344,1 v 3
213,2024-01-31,H,Man City,Burnley,season23,H,0.8647252321243286,0.07972549647092819,0.05554924160242081,3 v 1
214,2024-01-31,H,Tottenham,Brentford,season23,H,0.5729096531867981,0.2500588297843933,0.1770315170288086,3 v 2
215,2024-01-31,H,Liverpool,Chelsea,season23,H,0.661289393901825,0.18632353842258453,0.15238703787326813,4 v 1
216,2024-02-01,D,West Ham,Bournemouth,season23,A,0.3306768834590912,0.24718405306339264,0.422139048576355,1 v 1
217,2024-02-01,A,Wolves,Man United,season23,H,0.3881756365299225,0.24972949922084808,0.3620948791503906,3 v 4
218,2024-02-03,D,Everton,Tottenham,season23,A,0.25602370500564575,0.23052363097667694,0.5134526491165161,2 v 2
219,2024-02-03,H,Brighton,Crystal Palace,season23,H,0.5803408622741699,0.22280851006507874,0.19685065746307373,4 v 1
220,2024-02-03,D,Burnley,Fulham,season23,A,0.3045707941055298,0.31754979491233826,0.37787938117980957,2 v 2
221,2024-02-03,D,Newcastle,Luton,season23,H,0.7547723650932312,0.14086192846298218,0.1043657436966896,4 v 4
222,2024-02-03,A,Sheffield United,Aston Villa,season23,A,0.2124762088060379,0.20360928773880005,0.5839145183563232,0 v 5
223,2024-02-04,D,Bournemouth,Nott'm Forest,season23,H,0.5901806950569153,0.22289998829364777,0.18691925704479218,1 v 1
224,2024-02-04,A,Chelsea,Wolves,season23,H,0.6135567426681519,0.17728962004184723,0.20915359258651733,2 v 4
225,2024-02-04,H,Man United,West Ham,season23,H,0.5955518484115601,0.19893324375152588,0.20551489293575287,3 v 0
226,2024-02-04,H,Arsenal,Liverpool,season23,H,0.4087914824485779,0.30884623527526855,0.2823622524738312,3 v 1
227,2024-02-05,A,Brentford,Man City,season23,A,0.10803067684173584,0.14259248971939087,0.7493768334388733,1 v 3
228,2024-02-10,H,Man City,Everton,season23,H,0.8082897663116455,0.13537263870239258,0.0563376359641552,2 v 0
229,2024-02-10,H,Fulham,Bournemouth,season23,H,0.4441279172897339,0.2480955719947815,0.307776540517807,3 v 1
230,2024-02-10,H,Liverpool,Burnley,season23,H,0.853329062461853,0.09622784703969955,0.05044304206967354,3 v 1
231,2024-02-10,A,Luton,Sheffield United,season23,H,0.6217406392097473,0.19989265501499176,0.17836669087409973,1 v 3
232,2024-02-10,H,Tottenham,Brighton,season23,H,0.5329830050468445,0.23153196275234222,0.2354850471019745,2 v 1
233,2024-02-10,A,Wolves,Brentford,season23,H,0.4323890209197998,0.2896939218044281,0.2779170572757721,0 v 2
234,2024-02-10,A,Nott'm Forest,Newcastle,season23,A,0.34220415353775024,0.2282022386789322,0.42959359288215637,2 v 3
235,2024-02-11,A,West Ham,Arsenal,season23,A,0.16545064747333527,0.18261127173900604,0.6519380807876587,0 v 6
236,2024-02-11,A,Aston Villa,Man United,season23,H,0.44258877635002136,0.2573866844177246,0.3000245690345764,1 v 2
237,2024-02-12,A,Crystal Palace,Chelsea,season23,A,0.31836792826652527,0.19795462489128113,0.483677476644516,1 v 3
238,2024-02-17,A,Brentford,Liverpool,season23,A,0.20855611562728882,0.21554279327392578,0.5759011507034302,1 v 4
239,2024-02-17,A,Burnley,Arsenal,season23,A,0.07443226128816605,0.1163046732544899,0.8092630505561829,0 v 5
240,2024-02-17,A,Fulham,Aston Villa,season23,A,0.32454344630241394,0.25381216406822205,0.4216444194316864,1 v 2
241,2024-02-17,D,Newcastle,Bournemouth,season23,H,0.5507783889770508,0.16716796159744263,0.282053679227829,2 v 2
242,2024-02-17,H,Nott'm Forest,West Ham,season23,H,0.4121229350566864,0.2859644293785095,0.3019126355648041,2 v 0
243,2024-02-17,A,Tottenham,Wolves,season23,H,0.5941354632377625,0.24299001693725586,0.16287456452846527,1 v 2
244,2024-02-17,D,Man City,Chelsea,season23,H,0.7486216425895691,0.15292155742645264,0.09845679253339767,1 v 1
245,2024-02-18,A,Sheffield United,Brighton,season23,A,0.2197035700082779,0.20601703226566315,0.5742793679237366,0 v 5
246,2024-02-18,A,Luton,Man United,season23,A,0.28313589096069336,0.23336750268936157,0.48349660634994507,1 v 2
247,2024-02-19,D,Everton,Crystal Palace,season23,H,0.6182844638824463,0.20471599698066711,0.1769995391368866,1 v 1
248,2024-02-20,H,Man City,Brentford,season23,H,0.7838783264160156,0.14272086322307587,0.07340084761381149,1 v 0
249,2024-02-21,H,Liverpool,Luton,season23,H,0.847902238368988,0.09573881328105927,0.05635892227292061,4 v 1
250,2024-02-24,H,Aston Villa,Nott'm Forest,season23,H,0.6133232116699219,0.19209341704845428,0.19458341598510742,4 v 2
251,2024-02-24,D,Brighton,Everton,season23,H,0.6228461265563965,0.19877716898918152,0.1783767193555832,1 v 1
252,2024-02-24,H,Crystal Palace,Burnley,season23,H,0.4816593527793884,0.3010929524898529,0.21724767982959747,3 v 0
253,2024-02-24,A,Man United,Fulham,season23,H,0.6124045848846436,0.1720806360244751,0.21551476418972015,1 v 2
254,2024-02-24,A,Bournemouth,Man City,season23,A,0.09953217953443527,0.1301731914281845,0.7702946662902832,0 v 1
255,2024-02-24,H,Arsenal,Newcastle,season23,H,0.7006283402442932,0.1895829439163208,0.1097886934876442,4 v 1
256,2024-02-25,H,Wolves,Sheffield United,season23,H,0.709265947341919,0.17350250482559204,0.11723156273365021,1 v 0
257,2024-02-26,H,West Ham,Brentford,season23,A,0.31223544478416443,0.30426305532455444,0.38350149989128113,4 v 2
258,2024-03-02,D,Brentford,Chelsea,season23,A,0.3096340596675873,0.22143502533435822,0.4689308702945709,2 v 2
259,2024-03-02,A,Everton,West Ham,season23,H,0.5472583174705505,0.20397686958312988,0.2487647980451584,1 v 3
260,2024-03-02,H,Fulham,Brighton,season23,H,0.4061546325683594,0.2538861334323883,0.3399592339992523,3 v 0
261,2024-03-02,H,Newcastle,Wolves,season23,H,0.5575462579727173,0.18542629480361938,0.25702744722366333,3 v 0
262,2024-03-02,A,Nott'm Forest,Liverpool,season23,A,0.17692093551158905,0.19582001864910126,0.6272590756416321,0 v 1
263,2024-03-02,H,Tottenham,Crystal Palace,season23,H,0.643653154373169,0.18835048377513885,0.1679963767528534,3 v 1
264,2024-03-02,A,Luton,Aston Villa,season23,A,0.2483215183019638,0.2091546505689621,0.5425238013267517,2 v 3
265,2024-03-03,A,Burnley,Bournemouth,season23,A,0.30543455481529236,0.25939616560935974,0.4351693093776703,0 v 2
266,2024-03-03,H,Man City,Man United,season23,H,0.7454909682273865,0.16208520531654358,0.09242383390665054,3 v 1
267,2024-03-04,A,Sheffield United,Arsenal,season23,A,0.0947534516453743,0.12444229423999786,0.7808042764663696,0 v 6
268,2024-03-09,H,Man United,Everton,season23,H,0.5390406847000122,0.17158938944339752,0.28936994075775146,2 v 0
269,2024-03-09,D,Bournemouth,Sheffield United,season23,H,0.7015456557273865,0.18682588636875153,0.11162848770618439,2 v 2
270,2024-03-09,D,Crystal Palace,Luton,season23,H,0.620868980884552,0.18837526440620422,0.19075578451156616,1 v 1
271,2024-03-09,H,Wolves,Fulham,season23,H,0.37105563282966614,0.2782438397407532,0.3507005274295807,2 v 1
272,2024-03-09,H,Arsenal,Brentford,season23,H,0.7477828860282898,0.16225598752498627,0.08996111154556274,2 v 1
273,2024-03-10,A,Aston Villa,Tottenham,season23,H,0.3923402726650238,0.2160419374704361,0.3916177451610565,0 v 4
274,2024-03-10,H,Brighton,Nott'm Forest,season23,H,0.6324828267097473,0.22427980601787567,0.1432373821735382,1 v 0
275,2024-03-10,D,West Ham,Burnley,season23,H,0.5978612303733826,0.18691349029541016,0.21522526443004608,2 v 2
276,2024-03-10,D,Liverpool,Man City,season23,A,0.2590988278388977,0.20897136628627777,0.5319298505783081,1 v 1
277,2024-03-11,H,Chelsea,Newcastle,season23,H,0.5118990540504456,0.23858074843883514,0.2495202124118805,3 v 2
278,2024-03-13,H,Bournemouth,Luton,season23,H,0.6624706387519836,0.2023116499185562,0.13521774113178253,4 v 3
279,2024-03-16,H,Burnley,Brentford,season23,A,0.31103014945983887,0.241984561085701,0.44698524475097656,2 v 1
280,2024-03-16,D,Luton,Nott'm Forest,season23,H,0.35523712635040283,0.3010115325450897,0.34375137090682983,1 v 1
281,2024-03-16,H,Fulham,Tottenham,season23,A,0.2715853452682495,0.22787824273109436,0.5005364418029785,3 v 0
282,2024-03-17,D,West Ham,Aston Villa,season23,H,0.4190429151058197,0.2058069407939911,0.3751501441001892,1 v 1
283,2024-03-30,H,Newcastle,West Ham,season23,H,0.5950528979301453,0.18128815293312073,0.22365893423557281,4 v 3
284,2024-03-30,H,Bournemouth,Everton,season23,H,0.4216636121273041,0.2767789363861084,0.3015575110912323,2 v 1
285,2024-03-30,D,Chelsea,Burnley,season23,H,0.7263174057006836,0.16724170744419098,0.10644086450338364,2 v 2
286,2024-03-30,D,Nott'm Forest,Crystal Palace,season23,H,0.4038212299346924,0.2511366009712219,0.3450421690940857,1 v 1
287,2024-03-30,D,Sheffield United,Fulham,season23,A,0.20730584859848022,0.23118539154529572,0.5615087747573853,3 v 3
288,2024-03-30,H,Tottenham,Luton,season23,H,0.8178382515907288,0.09681321680545807,0.08534851670265198,2 v 1
289,2024-03-30,H,Aston Villa,Wolves,season23,H,0.6355975866317749,0.1600237935781479,0.20437860488891602,2 v 0
290,2024-03-30,D,Brentford,Man United,season23,A,0.30072709918022156,0.23705798387527466,0.462214857339859,1 v 1
291,2024-03-31,H,Liverpool,Brighton,season23,H,0.7065137028694153,0.17796443402767181,0.11552184820175171,2 v 1
292,2024-03-31,D,Man City,Arsenal,season23,H,0.5287485718727112,0.23164087533950806,0.23961053788661957,0 v 0
293,2024-04-02,D,Newcastle,Everton,season23,H,0.4104016125202179,0.28055936098098755,0.30903908610343933,1 v 1
294,2024-04-02,H,Nott'm Forest,Fulham,season23,A,0.2954271137714386,0.32503950595855713,0.3795333206653595,3 v 1
295,2024-04-02,H,Bournemouth,Crystal Palace,season23,H,0.4825374186038971,0.30734601616859436,0.21011658012866974,1 v 0
296,2024-04-02,D,Burnley,Wolves,season23,H,0.345302939414978,0.32777199149131775,0.3269250988960266,1 v 1
297,2024-04-02,D,West Ham,Tottenham,season23,A,0.294630765914917,0.2345641702413559,0.47080501914024353,1 v 1
298,2024-04-03,H,Arsenal,Luton,season23,H,0.8639442920684814,0.09198770672082901,0.044068027287721634,2 v 0
299,2024-04-03,D,Brentford,Brighton,season23,H,0.4087330102920532,0.2308577001094818,0.36040928959846497,0 v 0
300,2024-04-03,H,Man City,Aston Villa,season23,H,0.6882386803627014,0.1927671879529953,0.11899413913488388,4 v 1
301,2024-04-04,H,Liverpool,Sheffield United,season23,H,0.8875457644462585,0.0648241639137268,0.04763000085949898,3 v 1
302,2024-04-04,H,Chelsea,Man United,season23,H,0.533936083316803,0.23641608655452728,0.22964783012866974,4 v 3
303,2024-04-06,A,Crystal Palace,Man City,season23,A,0.12884525954723358,0.1311441957950592,0.7400105595588684,2 v 4
304,2024-04-06,D,Aston Villa,Brentford,season23,H,0.6946265697479248,0.17439444363117218,0.13097895681858063,3 v 3
305,2024-04-06,H,Everton,Burnley,season23,H,0.6236824989318848,0.19544647634029388,0.18087099492549896,1 v 0
306,2024-04-06,A,Fulham,Newcastle,season23,H,0.46579721570014954,0.2469821721315384,0.28722065687179565,0 v 1
307,2024-04-06,H,Luton,Bournemouth,season23,A,0.27442315220832825,0.23375380039215088,0.4918230175971985,2 v 1
308,2024-04-06,A,Wolves,West Ham,season23,H,0.38743075728416443,0.26690733432769775,0.3456619083881378,1 v 2
309,2024-04-06,A,Brighton,Arsenal,season23,A,0.2138913869857788,0.2513001561164856,0.5348083972930908,0 v 3
310,2024-04-07,D,Man United,Liverpool,season23,A,0.2389581799507141,0.17437154054641724,0.5866702795028687,2 v 2
311,2024-04-07,D,Sheffield United,Chelsea,season23,A,0.12895719707012177,0.13782717287540436,0.7332156300544739,2 v 2
312,2024-04-07,H,Tottenham,Nott'm Forest,season23,H,0.7002443075180054,0.18930189311504364,0.11045383661985397,3 v 1
313,2024-04-13,H,Newcastle,Tottenham,season23,A,0.3415681719779968,0.25812649726867676,0.4003053307533264,4 v 0
314,2024-04-13,H,Brentford,Sheffield United,season23,H,0.6919167637825012,0.2066856473684311,0.10139758884906769,2 v 0
315,2024-04-13,D,Burnley,Brighton,season23,A,0.33606085181236267,0.20537586510181427,0.45856326818466187,1 v 1
316,2024-04-13,H,Man City,Luton,season23,H,0.8873317241668701,0.07009340822696686,0.04257480427622795,5 v 1
317,2024-04-13,D,Nott'm Forest,Wolves,season23,H,0.4443727731704712,0.24731719493865967,0.30831006169319153,2 v 2
318,2024-04-13,D,Bournemouth,Man United,season23,H,0.4313323199748993,0.23592664301395416,0.33274102210998535,2 v 2
319,2024-04-14,A,Liverpool,Crystal Palace,season23,H,0.7701704502105713,0.12941822409629822,0.10041134804487228,0 v 1
320,2024-04-14,A,West Ham,Fulham,season23,A,0.30060675740242004,0.3205651342868805,0.37882813811302185,0 v 2
321,2024-04-14,A,Arsenal,Aston Villa,season23,H,0.6959143877029419,0.16373983025550842,0.1403457224369049,0 v 2
322,2024-04-15,H,Chelsea,Everton,season23,H,0.6367570161819458,0.18929563462734222,0.1739473044872284,6 v 0
323,2024-04-20,A,Luton,Brentford,season23,A,0.32101160287857056,0.24049997329711914,0.4384884238243103,1 v 5
324,2024-04-20,A,Sheffield United,Burnley,season23,A,0.3451087176799774,0.2817479372024536,0.37314337491989136,1 v 4
325,2024-04-20,A,Wolves,Arsenal,season23,A,0.12168499082326889,0.14570316672325134,0.7326118350028992,0 v 2
326,2024-04-21,H,Everton,Nott'm Forest,season23,H,0.41418716311454773,0.32042133808135986,0.26539146900177,2 v 0
327,2024-04-21,H,Aston Villa,Bournemouth,season23,H,0.5541301369667053,0.2041061371564865,0.24176375567913055,3 v 1
328,2024-04-21,H,Crystal Palace,West Ham,season23,H,0.4418204128742218,0.25805559754371643,0.30012398958206177,5 v 2
329,2024-04-21,A,Fulham,Liverpool,season23,A,0.18595638871192932,0.21486583352088928,0.5991777777671814,1 v 3
330,2024-04-23,H,Arsenal,Chelsea,season23,H,0.7106047868728638,0.18226374685764313,0.10713142156600952,5 v 0
331,2024-04-24,A,Wolves,Bournemouth,season23,A,0.2810515761375427,0.2934260070323944,0.42552244663238525,0 v 1
332,2024-04-24,H,Crystal Palace,Newcastle,season23,A,0.34048351645469666,0.2935246229171753,0.36599186062812805,2 v 0
333,2024-04-24,H,Everton,Liverpool,season23,A,0.12067852914333344,0.14669755101203918,0.7326239347457886,2 v 0
334,2024-04-24,H,Man United,Sheffield United,season23,H,0.6845027804374695,0.18425753712654114,0.13123971223831177,4 v 2
335,2024-04-25,A,Brighton,Man City,season23,A,0.13983623683452606,0.16734370589256287,0.6928200125694275,0 v 4
336,2024-04-27,D,West Ham,Liverpool,season23,A,0.1724982112646103,0.17203190922737122,0.6554698944091797,2 v 2
337,2024-04-27,D,Fulham,Crystal Palace,season23,H,0.4403780698776245,0.2870897352695465,0.272532194852829,1 v 1
338,2024-04-27,D,Man United,Burnley,season23,H,0.6276488304138184,0.18160480260849,0.19074638187885284,1 v 1
339,2024-04-27,H,Newcastle,Sheffield United,season23,H,0.7346550226211548,0.17933444678783417,0.08601053059101105,5 v 1
340,2024-04-27,H,Wolves,Luton,season23,H,0.4787459075450897,0.2267715036869049,0.2944825291633606,2 v 1
341,2024-04-27,H,Everton,Brentford,season23,H,0.4171469509601593,0.2860894501209259,0.2967635691165924,1 v 0
342,2024-04-27,D,Aston Villa,Chelsea,season23,H,0.4753977954387665,0.22238017618656158,0.30222201347351074,2 v 2
343,2024-04-28,H,Bournemouth,Brighton,season23,H,0.45959222316741943,0.2298424392938614,0.3105652630329132,3 v 0
344,2024-04-28,A,Tottenham,Arsenal,season23,A,0.24069005250930786,0.24457556009292603,0.5147343873977661,2 v 3
345,2024-04-28,A,Nott'm Forest,Man City,season23,A,0.07927857339382172,0.10935675352811813,0.8113646507263184,0 v 2
346,2024-05-02,H,Chelsea,Tottenham,season23,H,0.41988247632980347,0.2513112723827362,0.32880622148513794,2 v 0
347,2024-05-03,D,Luton,Everton,season23,D,0.30493292212486267,0.3779296875,0.31713736057281494,1 v 1
348,2024-05-04,H,Arsenal,Bournemouth,season23,H,0.8333795666694641,0.09710611402988434,0.06951434165239334,3 v 0
349,2024-05-04,D,Brentford,Fulham,season23,H,0.47107994556427,0.2082124948501587,0.3207075893878937,0 v 0
350,2024-05-04,A,Burnley,Newcastle,season23,A,0.30172374844551086,0.25399908423423767,0.44427716732025146,1 v 4
351,2024-05-04,A,Sheffield United,Nott'm Forest,season23,A,0.20236718654632568,0.2474207580089569,0.5502120852470398,1 v 3
352,2024-05-04,H,Man City,Wolves,season23,H,0.828221321105957,0.12150231748819351,0.05027642101049423,5 v 1
353,2024-05-05,H,Brighton,Aston Villa,season23,A,0.32629597187042236,0.30683934688568115,0.3668646812438965,1 v 0
354,2024-05-05,H,Chelsea,West Ham,season23,H,0.6473418474197388,0.17894327640533447,0.17371483147144318,5 v 0
355,2024-05-05,H,Liverpool,Tottenham,season23,H,0.6327406764030457,0.1943967342376709,0.17286255955696106,4 v 2
356,2024-05-06,H,Crystal Palace,Man United,season23,H,0.46894046664237976,0.2161906212568283,0.31486886739730835,4 v 0
357,2024-05-11,A,Fulham,Man City,season23,A,0.07775960862636566,0.11039840430021286,0.8118419647216797,0 v 4
358,2024-05-11,A,Bournemouth,Brentford,season23,H,0.4732833206653595,0.25240322947502136,0.27431347966194153,1 v 2
359,2024-05-11,H,Everton,Sheffield United,season23,H,0.656808078289032,0.22911493480205536,0.11407703906297684,1 v 0
360,2024-05-11,D,Newcastle,Brighton,season23,H,0.6026071310043335,0.17470866441726685,0.22268418967723846,1 v 1
361,2024-05-11,H,Tottenham,Burnley,season23,H,0.6953363418579102,0.19634439051151276,0.1083192527294159,2 v 1
362,2024-05-11,H,West Ham,Luton,season23,H,0.5886796712875366,0.20958270132541656,0.201737642288208,3 v 1
363,2024-05-11,A,Wolves,Crystal Palace,season23,D,0.2747431695461273,0.3701253831386566,0.35513144731521606,1 v 3
364,2024-05-11,A,Nott'm Forest,Chelsea,season23,A,0.2818564772605896,0.22425436973571777,0.493889182806015,2 v 3
365,2024-05-12,A,Man United,Arsenal,season23,A,0.12314529716968536,0.17816847562789917,0.6986861824989319,0 v 1
366,2024-05-13,D,Aston Villa,Liverpool,season23,A,0.2430010288953781,0.23427845537662506,0.5227205157279968,3 v 3
367,2024-05-14,A,Tottenham,Man City,season23,A,0.12100983411073685,0.13968093693256378,0.7393092513084412,0 v 2
368,2024-05-15,A,Brighton,Chelsea,season23,A,0.30498450994491577,0.2226499319076538,0.47236552834510803,1 v 2
369,2024-05-15,H,Man United,Newcastle,season23,A,0.3585134446620941,0.2675420045852661,0.37394458055496216,3 v 2
370,2024-05-19,H,Arsenal,Everton,season23,H,0.8424983620643616,0.10359883308410645,0.05390279367566109,2 v 1
371,2024-05-19,A,Brentford,Newcastle,season23,A,0.31327810883522034,0.21503514051437378,0.47168678045272827,2 v 4
372,2024-05-19,A,Brighton,Man United,season23,H,0.4335480332374573,0.28628838062286377,0.28016355633735657,0 v 2
373,2024-05-19,A,Burnley,Nott'm Forest,season23,A,0.27811872959136963,0.3589191734790802,0.3629620671272278,1 v 2
374,2024-05-19,H,Chelsea,Bournemouth,season23,H,0.7445972561836243,0.1309759020805359,0.12442682683467865,2 v 1
375,2024-05-19,H,Crystal Palace,Aston Villa,season23,H,0.5324162840843201,0.21285586059093475,0.2547278106212616,5 v 0
376,2024-05-19,H,Liverpool,Wolves,season23,H,0.7870199084281921,0.14018523693084717,0.07279492169618607,2 v 0
377,2024-05-19,A,Luton,Fulham,season23,A,0.353054940700531,0.21286025643348694,0.43408480286598206,2 v 4
378,2024-05-19,H,Man City,West Ham,season23,H,0.8143117427825928,0.1303977370262146,0.055290475487709045,3 v 1
379,2024-05-19,A,Sheffield United,Tottenham,season23,A,0.1271408498287201,0.1521165370941162,0.7207426428794861,0 v 3
